{"cameraMode":{"drawMode":0,"name":"Shaded","section":"Shading Mode"},"sceneLighting":true,"audioPlay":false,"sceneViewState":{"m_AlwaysRefresh":false,"showFog":true,"showSkybox":true,"showFlares":true,"showImageEffects":true,"showParticleSystems":true,"showVisualEffectGraphs":true,"m_FxEnabled":true},"in2DMode":false,"pivot":{"x":-0.3062988519668579,"y":-0.2923755645751953,"z":3.861760377883911},"rotation":{"x":0.49902644753456118,"y":-0.21125559508800507,"z":0.12689083814620973,"w":0.8308089375495911},"size":4.913491725921631,"orthographic":false}